url,search/query,category/name,inlink/anchor_text,bookmark/tags
http://www.autotechs.info/,ammco tools inc,top/shopping/tools/vehicle repair,,
http://discountpoolcues.com/,pool cues,top/shopping/sports/billiards/cues and cue cases,,
http://www.buenosairesweek.com.ar/,buenos aires apartments,top/world/espa?regional/am?ca/argentina/provincias/ciudad aut?a de buenos aires/viajes y turismo/alojamiento/departamentostop/regional/south america/argentina/provinces/buenos aires city/travel and tourism/lodging/vacation rentals,,
http://www.caninesupportteams.org/,canine support team temeculacanine support teamscanine support team,top/society/disabled/service animals/dogs,Canine Support TeamsCanine Support Teamswww.caninesupportteams.orgCanine Support Teams (assistance dogs)Canine Support Teams (assistance dogs)Canine Support Teams (assistance dogs)Canine Support Teams (assistance dogs)Canine Support Teams (assistance dogs)www.caninesupportteams.orgCanine Support Teams,
http://www.carriagebarnantiques.com/,antiques in pa.,top/regional/north america/united states/pennsylvania/localities/c/clarks summit/business and economy,Carriage Barn AntiquesThe Carriage Barn,poconos, shopping, antiques, clarkssummit
http://www.schoolmasters.com/,wolverine sports,top/reference/education/products and services/teaching stores,NCA HomeSchool-Tech, Inc.,nstainfo
http://www.ezfloodinsurance.com/,flood insurance njflood insurance rates,top/business/financial services/insurance/agents and marketers/home and property/flood,Flood Insurance Agency,
http://www.oxyvinyls.com/,chlorination ethylene,top/business/chemicals/polymers/plastics/resins and compounds/pvc,Oxy Vinyls, LPOxy VinylsHomeOxy Vinyls LPOxyvinyls,
http://www.icicleoutfitters.com/,iciclemuledeer hunting guides in washington state,top/sports/equestrian/vacations and touring/north america/united states/washingtontop/recreation/outdoors/guides and outfitters/north america/united states/washington,ARTMAM-NETHomeCreated for Reasonable PurposesHomeARTMAM-NETIcicle Outfitters Web Sitewww.icicleoutfitters.comIcicle Outfitters & GuidesIcicle Outfitters & GuidesIcicle Outfitters & Guides,
